Key,Base,Language,Translation
"app_name","Universal Installer","ar",""
"download_notif_running_text","%1$s / %2$s · %3$d%%","ar",""
"source_action_browse_packages_sub",".APK · .APK+ · .XAPK · .APKS · .APKM","ar",""
"obb_copy_progress","%1$s / %2$s · %3$d%%","ar",""
"obb_notif_running_text","%d%%","ar",""
"apk_info_version_detail","%1$s (%2$d)","ar",""
"uninstall_current_sort_summary","%1$s %2$s","ar",""
"setting_shizuku_installer_preset_play","Google Play Store","ar",""
"setting_shizuku_installer_preset_aurora","Aurora Store","ar",""
"setting_shizuku_installer_preset_fdroid","F-Droid","ar",""
"setting_shizuku_installer_preset_amazon","Amazon Appstore","ar",""
"setting_shizuku_installer_preset_samsung","Samsung Galaxy Store","ar",""
"setting_shizuku_installer_preset_huawei","Huawei AppGallery","ar",""
"setting_shizuku_installer_preset_xiaomi","Xiaomi GetApps","ar",""
"setting_about_app_name","Universal Installer","ar",""
"setting_github_title","GitHub","ar",""
"setting_telegram_title","Telegram","ar",""
"setting_website_subtitle","universal-installer.pwhs.app","ar",""
"setting_rate_title","Rate App","ar",""
"about_creator_subtitle","Pass With High Score","ar",""
"about_license_subtitle","GNU GPL v3","ar",""
"about_btn_ok","OK","ar",""
"installer_mode_shizuku","Shizuku","ar",""
"installer_mode_root","Root","ar",""
"tv_sync_screen_title","Send to TV","ar",""
"tv_sync_hero_title","Send an app to your TV","ar",""
"tv_sync_instructions","On the TV, open Universal Installer → Install, then scan the QR shown there.","ar",""
"tv_sync_btn_scan","Scan TV QR","ar",""
"tv_sync_prompt_scan","Scan the QR on your TV","ar",""
"tv_sync_status_connected","Connected to %1$s","ar",""
"tv_sync_btn_choose_apk","Choose APK to send","ar",""
"tv_sync_btn_rescan","Scan a different TV","ar",""
"tv_sync_status_sending","Sending…","ar",""
"tv_sync_status_sent","Sent ✓ — confirm the install on your TV","ar",""
"tv_sync_status_failed","Failed: %1$s","ar",""
"sync_storage_permission_title","Storage Permission Required","ar",""
"sync_storage_permission_message","Sync Server needs full storage access to share and manage APK files. Please grant \""All files access\"" in Settings.","ar",""
"sync_open_settings","Open Settings","ar",""
"sync_qr_code_title","Scan QR Code","ar",""
"sync_qr_code_message","Open your camera and scan this code to access the server.","ar",""
"sync_close","Close","ar",""
"sync_server_offline","Server Offline","ar",""
"sync_server_starting","Starting…","ar",""
"sync_server_online","Server Online","ar",""
"sync_server_error","Error","ar",""
"sync_hero_subtitle","Share APK files to other devices on the same Wi-Fi network.","ar",""
"sync_server_mode","Server Mode","ar",""
"sync_server_running","Running","ar",""
"sync_server_tap_to_start","Tap to start","ar",""
"sync_server_settings","Server Settings","ar",""
"sync_port","Port","ar",""
"sync_require_pin","Require PIN","ar",""
"sync_require_pin_subtitle","Guard transfers with a password","ar",""
"sync_pin_code","PIN Code","ar",""
"sync_active_downloads","Active Downloads","ar",""
"sync_active_downloads_count","%d downloading","ar",""
"sync_no_active_downloads","No active downloads","ar",""
"sync_server_url","Server URL","ar",""
"sync_active_transfer","Active Transfer","ar",""
"sync_active_transfers_count","Active Transfers (%d)","ar",""
"sync_add_files_to_share","Add Files to Share","ar",""
"sync_shared_files_count","Shared Files (%1$d)","ar",""
"sync_empty_state_message","Turn on the server to start sharing files","ar",""
"sync_delete_cd","Delete","ar",""
"sync_percentage","%1$d%%","ar",""
"sync_transfer_progress","%1$s / %2$s","ar",""
"sync_toast_added_skipped","Added %1$d file(s), skipped %2$d unsupported","ar",""
"sync_toast_added","Added %1$d file(s) to Sync Folder","ar",""
"sync_toast_unsupported","No supported package files selected (apk, apk+, apks, xapk, apkm, zip)","ar",""
"sync_toast_failed","Failed to copy files","ar",""
"file_size_gb","%1$.1f GB","ar",""
"file_size_mb","%1$.1f MB","ar",""
"file_size_kb","%1$.0f KB","ar",""
"file_size_b","%1$d B","ar",""
"setting_retry_root","Retry Root Probe","ar",""
"setting_section_interface","Interface","ar",""
"setting_section_security","Security","ar",""
"setting_lock_install_title","Lock Installations","ar",""
"setting_lock_install_subtitle","Require biometric to confirm install","ar",""
"setting_lock_uninstall_title","Lock Uninstalls","ar",""
"setting_lock_uninstall_subtitle","Require biometric to confirm uninstall","ar",""
"setting_biometric_unavailable","No biometric or device lock set up on this device.","ar",""
"setting_section_sync_short","Sync","ar",""
"setting_sync_control_panel","Sync Control Panel","ar",""
"setting_section_advanced","Advanced","ar",""
"setting_vt_api_key_title","VirusTotal API Key","ar",""
"setting_vt_api_key_placeholder","Paste API key here…","ar",""
"setting_diagnostics_title","Diagnostics","ar",""
"setting_installer_package_title","Installer Package","ar",""
"backup_settings_title","Backup Settings","ar",""
"backup_output_path","Output Path","ar",""
"backup_filename_template","Filename Template","ar",""
"backup_tags_hint","Tags: {name}, {pkg}, {version}, {code}","ar",""
"app_name","Universal Installer","de",""
"download_notif_running_text","%1$s / %2$s · %3$d%%","de",""
"source_action_browse_packages_sub",".APK · .APK+ · .XAPK · .APKS · .APKM","de",""
"obb_copy_progress","%1$s / %2$s · %3$d%%","de",""
"obb_notif_running_text","%d%%","de",""
"apk_info_version_detail","%1$s (%2$d)","de",""
"uninstall_current_sort_summary","%1$s %2$s","de",""
"setting_shizuku_installer_preset_play","Google Play Store","de",""
"setting_shizuku_installer_preset_aurora","Aurora Store","de",""
"setting_shizuku_installer_preset_fdroid","F-Droid","de",""
"setting_shizuku_installer_preset_amazon","Amazon Appstore","de",""
"setting_shizuku_installer_preset_samsung","Samsung Galaxy Store","de",""
"setting_shizuku_installer_preset_huawei","Huawei AppGallery","de",""
"setting_shizuku_installer_preset_xiaomi","Xiaomi GetApps","de",""
"setting_about_app_name","Universal Installer","de",""
"setting_github_title","GitHub","de",""
"setting_telegram_title","Telegram","de",""
"setting_website_subtitle","universal-installer.pwhs.app","de",""
"setting_rate_title","Rate App","de",""
"about_creator_subtitle","Pass With High Score","de",""
"about_license_subtitle","GNU GPL v3","de",""
"about_btn_ok","OK","de",""
"installer_mode_shizuku","Shizuku","de",""
"installer_mode_root","Root","de",""
"tv_sync_screen_title","Send to TV","de",""
"tv_sync_hero_title","Send an app to your TV","de",""
"tv_sync_instructions","On the TV, open Universal Installer → Install, then scan the QR shown there.","de",""
"tv_sync_btn_scan","Scan TV QR","de",""
"tv_sync_prompt_scan","Scan the QR on your TV","de",""
"tv_sync_status_connected","Connected to %1$s","de",""
"tv_sync_btn_choose_apk","Choose APK to send","de",""
"tv_sync_btn_rescan","Scan a different TV","de",""
"tv_sync_status_sending","Sending…","de",""
"tv_sync_status_sent","Sent ✓ — confirm the install on your TV","de",""
"tv_sync_status_failed","Failed: %1$s","de",""
"sync_storage_permission_title","Storage Permission Required","de",""
"sync_storage_permission_message","Sync Server needs full storage access to share and manage APK files. Please grant \""All files access\"" in Settings.","de",""
"sync_open_settings","Open Settings","de",""
"sync_qr_code_title","Scan QR Code","de",""
"sync_qr_code_message","Open your camera and scan this code to access the server.","de",""
"sync_close","Close","de",""
"sync_server_offline","Server Offline","de",""
"sync_server_starting","Starting…","de",""
"sync_server_online","Server Online","de",""
"sync_server_error","Error","de",""
"sync_hero_subtitle","Share APK files to other devices on the same Wi-Fi network.","de",""
"sync_server_mode","Server Mode","de",""
"sync_server_running","Running","de",""
"sync_server_tap_to_start","Tap to start","de",""
"sync_server_settings","Server Settings","de",""
"sync_port","Port","de",""
"sync_require_pin","Require PIN","de",""
"sync_require_pin_subtitle","Guard transfers with a password","de",""
"sync_pin_code","PIN Code","de",""
"sync_active_downloads","Active Downloads","de",""
"sync_active_downloads_count","%d downloading","de",""
"sync_no_active_downloads","No active downloads","de",""
"sync_server_url","Server URL","de",""
"sync_active_transfer","Active Transfer","de",""
"sync_active_transfers_count","Active Transfers (%d)","de",""
"sync_add_files_to_share","Add Files to Share","de",""
"sync_shared_files_count","Shared Files (%1$d)","de",""
"sync_empty_state_message","Turn on the server to start sharing files","de",""
"sync_delete_cd","Delete","de",""
"sync_percentage","%1$d%%","de",""
"sync_transfer_progress","%1$s / %2$s","de",""
"sync_toast_added_skipped","Added %1$d file(s), skipped %2$d unsupported","de",""
"sync_toast_added","Added %1$d file(s) to Sync Folder","de",""
"sync_toast_unsupported","No supported package files selected (apk, apk+, apks, xapk, apkm, zip)","de",""
"sync_toast_failed","Failed to copy files","de",""
"file_size_gb","%1$.1f GB","de",""
"file_size_mb","%1$.1f MB","de",""
"file_size_kb","%1$.0f KB","de",""
"file_size_b","%1$d B","de",""
"setting_retry_root","Retry Root Probe","de",""
"setting_section_interface","Interface","de",""
"setting_section_security","Security","de",""
"setting_lock_install_title","Lock Installations","de",""
"setting_lock_install_subtitle","Require biometric to confirm install","de",""
"setting_lock_uninstall_title","Lock Uninstalls","de",""
"setting_lock_uninstall_subtitle","Require biometric to confirm uninstall","de",""
"setting_biometric_unavailable","No biometric or device lock set up on this device.","de",""
"setting_section_sync_short","Sync","de",""
"setting_sync_control_panel","Sync Control Panel","de",""
"setting_section_advanced","Advanced","de",""
"setting_vt_api_key_title","VirusTotal API Key","de",""
"setting_vt_api_key_placeholder","Paste API key here…","de",""
"setting_diagnostics_title","Diagnostics","de",""
"setting_installer_package_title","Installer Package","de",""
"backup_settings_title","Backup Settings","de",""
"backup_output_path","Output Path","de",""
"backup_filename_template","Filename Template","de",""
"backup_tags_hint","Tags: {name}, {pkg}, {version}, {code}","de",""
"app_name","Universal Installer","el",""
"download_notif_running_text","%1$s / %2$s · %3$d%%","el",""
"source_action_browse_packages_sub",".APK · .APK+ · .XAPK · .APKS · .APKM","el",""
"obb_copy_progress","%1$s / %2$s · %3$d%%","el",""
"obb_notif_running_text","%d%%","el",""
"apk_info_version_detail","%1$s (%2$d)","el",""
"uninstall_current_sort_summary","%1$s %2$s","el",""
"setting_shizuku_installer_preset_play","Google Play Store","el",""
"setting_shizuku_installer_preset_aurora","Aurora Store","el",""
"setting_shizuku_installer_preset_fdroid","F-Droid","el",""
"setting_shizuku_installer_preset_amazon","Amazon Appstore","el",""
"setting_shizuku_installer_preset_samsung","Samsung Galaxy Store","el",""
"setting_shizuku_installer_preset_huawei","Huawei AppGallery","el",""
"setting_shizuku_installer_preset_xiaomi","Xiaomi GetApps","el",""
"setting_about_app_name","Universal Installer","el",""
"setting_github_title","GitHub","el",""
"setting_telegram_title","Telegram","el",""
"setting_website_subtitle","universal-installer.pwhs.app","el",""
"setting_rate_title","Rate App","el",""
"about_creator_subtitle","Pass With High Score","el",""
"about_license_subtitle","GNU GPL v3","el",""
"about_btn_ok","OK","el",""
"installer_mode_shizuku","Shizuku","el",""
"installer_mode_root","Root","el",""
"tv_sync_screen_title","Send to TV","el",""
"tv_sync_hero_title","Send an app to your TV","el",""
"tv_sync_instructions","On the TV, open Universal Installer → Install, then scan the QR shown there.","el",""
"tv_sync_btn_scan","Scan TV QR","el",""
"tv_sync_prompt_scan","Scan the QR on your TV","el",""
"tv_sync_status_connected","Connected to %1$s","el",""
"tv_sync_btn_choose_apk","Choose APK to send","el",""
"tv_sync_btn_rescan","Scan a different TV","el",""
"tv_sync_status_sending","Sending…","el",""
"tv_sync_status_sent","Sent ✓ — confirm the install on your TV","el",""
"tv_sync_status_failed","Failed: %1$s","el",""
"sync_storage_permission_title","Storage Permission Required","el",""
"sync_storage_permission_message","Sync Server needs full storage access to share and manage APK files. Please grant \""All files access\"" in Settings.","el",""
"sync_open_settings","Open Settings","el",""
"sync_qr_code_title","Scan QR Code","el",""
"sync_qr_code_message","Open your camera and scan this code to access the server.","el",""
"sync_close","Close","el",""
"sync_server_offline","Server Offline","el",""
"sync_server_starting","Starting…","el",""
"sync_server_online","Server Online","el",""
"sync_server_error","Error","el",""
"sync_hero_subtitle","Share APK files to other devices on the same Wi-Fi network.","el",""
"sync_server_mode","Server Mode","el",""
"sync_server_running","Running","el",""
"sync_server_tap_to_start","Tap to start","el",""
"sync_server_settings","Server Settings","el",""
"sync_port","Port","el",""
"sync_require_pin","Require PIN","el",""
"sync_require_pin_subtitle","Guard transfers with a password","el",""
"sync_pin_code","PIN Code","el",""
"sync_active_downloads","Active Downloads","el",""
"sync_active_downloads_count","%d downloading","el",""
"sync_no_active_downloads","No active downloads","el",""
"sync_server_url","Server URL","el",""
"sync_active_transfer","Active Transfer","el",""
"sync_active_transfers_count","Active Transfers (%d)","el",""
"sync_add_files_to_share","Add Files to Share","el",""
"sync_shared_files_count","Shared Files (%1$d)","el",""
"sync_empty_state_message","Turn on the server to start sharing files","el",""
"sync_delete_cd","Delete","el",""
"sync_percentage","%1$d%%","el",""
"sync_transfer_progress","%1$s / %2$s","el",""
"sync_toast_added_skipped","Added %1$d file(s), skipped %2$d unsupported","el",""
"sync_toast_added","Added %1$d file(s) to Sync Folder","el",""
"sync_toast_unsupported","No supported package files selected (apk, apk+, apks, xapk, apkm, zip)","el",""
"sync_toast_failed","Failed to copy files","el",""
"file_size_gb","%1$.1f GB","el",""
"file_size_mb","%1$.1f MB","el",""
"file_size_kb","%1$.0f KB","el",""
"file_size_b","%1$d B","el",""
"setting_retry_root","Retry Root Probe","el",""
"setting_section_interface","Interface","el",""
"setting_section_security","Security","el",""
"setting_lock_install_title","Lock Installations","el",""
"setting_lock_install_subtitle","Require biometric to confirm install","el",""
"setting_lock_uninstall_title","Lock Uninstalls","el",""
"setting_lock_uninstall_subtitle","Require biometric to confirm uninstall","el",""
"setting_biometric_unavailable","No biometric or device lock set up on this device.","el",""
"setting_section_sync_short","Sync","el",""
"setting_sync_control_panel","Sync Control Panel","el",""
"setting_section_advanced","Advanced","el",""
"setting_vt_api_key_title","VirusTotal API Key","el",""
"setting_vt_api_key_placeholder","Paste API key here…","el",""
"setting_diagnostics_title","Diagnostics","el",""
"setting_installer_package_title","Installer Package","el",""
"backup_settings_title","Backup Settings","el",""
"backup_output_path","Output Path","el",""
"backup_filename_template","Filename Template","el",""
"backup_tags_hint","Tags: {name}, {pkg}, {version}, {code}","el",""
"app_name","Universal Installer","es",""
"download_notif_running_text","%1$s / %2$s · %3$d%%","es",""
"source_action_browse_packages_sub",".APK · .APK+ · .XAPK · .APKS · .APKM","es",""
"obb_copy_progress","%1$s / %2$s · %3$d%%","es",""
"obb_notif_running_text","%d%%","es",""
"apk_info_version_detail","%1$s (%2$d)","es",""
"uninstall_current_sort_summary","%1$s %2$s","es",""
"setting_shizuku_installer_preset_play","Google Play Store","es",""
"setting_shizuku_installer_preset_aurora","Aurora Store","es",""
"setting_shizuku_installer_preset_fdroid","F-Droid","es",""
"setting_shizuku_installer_preset_amazon","Amazon Appstore","es",""
"setting_shizuku_installer_preset_samsung","Samsung Galaxy Store","es",""
"setting_shizuku_installer_preset_huawei","Huawei AppGallery","es",""
"setting_shizuku_installer_preset_xiaomi","Xiaomi GetApps","es",""
"setting_about_app_name","Universal Installer","es",""
"setting_github_title","GitHub","es",""
"setting_telegram_title","Telegram","es",""
"setting_website_subtitle","universal-installer.pwhs.app","es",""
"setting_rate_title","Rate App","es",""
"about_creator_subtitle","Pass With High Score","es",""
"about_license_subtitle","GNU GPL v3","es",""
"about_btn_ok","OK","es",""
"installer_mode_shizuku","Shizuku","es",""
"installer_mode_root","Root","es",""
"tv_sync_screen_title","Send to TV","es",""
"tv_sync_hero_title","Send an app to your TV","es",""
"tv_sync_instructions","On the TV, open Universal Installer → Install, then scan the QR shown there.","es",""
"tv_sync_btn_scan","Scan TV QR","es",""
"tv_sync_prompt_scan","Scan the QR on your TV","es",""
"tv_sync_status_connected","Connected to %1$s","es",""
"tv_sync_btn_choose_apk","Choose APK to send","es",""
"tv_sync_btn_rescan","Scan a different TV","es",""
"tv_sync_status_sending","Sending…","es",""
"tv_sync_status_sent","Sent ✓ — confirm the install on your TV","es",""
"tv_sync_status_failed","Failed: %1$s","es",""
"sync_storage_permission_title","Storage Permission Required","es",""
"sync_storage_permission_message","Sync Server needs full storage access to share and manage APK files. Please grant \""All files access\"" in Settings.","es",""
"sync_open_settings","Open Settings","es",""
"sync_qr_code_title","Scan QR Code","es",""
"sync_qr_code_message","Open your camera and scan this code to access the server.","es",""
"sync_close","Close","es",""
"sync_server_offline","Server Offline","es",""
"sync_server_starting","Starting…","es",""
"sync_server_online","Server Online","es",""
"sync_server_error","Error","es",""
"sync_hero_subtitle","Share APK files to other devices on the same Wi-Fi network.","es",""
"sync_server_mode","Server Mode","es",""
"sync_server_running","Running","es",""
"sync_server_tap_to_start","Tap to start","es",""
"sync_server_settings","Server Settings","es",""
"sync_port","Port","es",""
"sync_require_pin","Require PIN","es",""
"sync_require_pin_subtitle","Guard transfers with a password","es",""
"sync_pin_code","PIN Code","es",""
"sync_active_downloads","Active Downloads","es",""
"sync_active_downloads_count","%d downloading","es",""
"sync_no_active_downloads","No active downloads","es",""
"sync_server_url","Server URL","es",""
"sync_active_transfer","Active Transfer","es",""
"sync_active_transfers_count","Active Transfers (%d)","es",""
"sync_add_files_to_share","Add Files to Share","es",""
"sync_shared_files_count","Shared Files (%1$d)","es",""
"sync_empty_state_message","Turn on the server to start sharing files","es",""
"sync_delete_cd","Delete","es",""
"sync_percentage","%1$d%%","es",""
"sync_transfer_progress","%1$s / %2$s","es",""
"sync_toast_added_skipped","Added %1$d file(s), skipped %2$d unsupported","es",""
"sync_toast_added","Added %1$d file(s) to Sync Folder","es",""
"sync_toast_unsupported","No supported package files selected (apk, apk+, apks, xapk, apkm, zip)","es",""
"sync_toast_failed","Failed to copy files","es",""
"file_size_gb","%1$.1f GB","es",""
"file_size_mb","%1$.1f MB","es",""
"file_size_kb","%1$.0f KB","es",""
"file_size_b","%1$d B","es",""
"setting_retry_root","Retry Root Probe","es",""
"setting_section_interface","Interface","es",""
"setting_section_security","Security","es",""
"setting_lock_install_title","Lock Installations","es",""
"setting_lock_install_subtitle","Require biometric to confirm install","es",""
"setting_lock_uninstall_title","Lock Uninstalls","es",""
"setting_lock_uninstall_subtitle","Require biometric to confirm uninstall","es",""
"setting_biometric_unavailable","No biometric or device lock set up on this device.","es",""
"setting_section_sync_short","Sync","es",""
"setting_sync_control_panel","Sync Control Panel","es",""
"setting_section_advanced","Advanced","es",""
"setting_vt_api_key_title","VirusTotal API Key","es",""
"setting_vt_api_key_placeholder","Paste API key here…","es",""
"setting_diagnostics_title","Diagnostics","es",""
"setting_installer_package_title","Installer Package","es",""
"backup_settings_title","Backup Settings","es",""
"backup_output_path","Output Path","es",""
"backup_filename_template","Filename Template","es",""
"backup_tags_hint","Tags: {name}, {pkg}, {version}, {code}","es",""
"app_name","Universal Installer","fr",""
"download_notif_running_text","%1$s / %2$s · %3$d%%","fr",""
"source_action_browse_packages_sub",".APK · .APK+ · .XAPK · .APKS · .APKM","fr",""
"obb_copy_progress","%1$s / %2$s · %3$d%%","fr",""
"obb_notif_running_text","%d%%","fr",""
"apk_info_version_detail","%1$s (%2$d)","fr",""
"uninstall_current_sort_summary","%1$s %2$s","fr",""
"setting_shizuku_installer_preset_play","Google Play Store","fr",""
"setting_shizuku_installer_preset_aurora","Aurora Store","fr",""
"setting_shizuku_installer_preset_fdroid","F-Droid","fr",""
"setting_shizuku_installer_preset_amazon","Amazon Appstore","fr",""
"setting_shizuku_installer_preset_samsung","Samsung Galaxy Store","fr",""
"setting_shizuku_installer_preset_huawei","Huawei AppGallery","fr",""
"setting_shizuku_installer_preset_xiaomi","Xiaomi GetApps","fr",""
"setting_about_app_name","Universal Installer","fr",""
"setting_github_title","GitHub","fr",""
"setting_telegram_title","Telegram","fr",""
"setting_website_subtitle","universal-installer.pwhs.app","fr",""
"setting_rate_title","Rate App","fr",""
"about_creator_subtitle","Pass With High Score","fr",""
"about_license_subtitle","GNU GPL v3","fr",""
"about_btn_ok","OK","fr",""
"installer_mode_shizuku","Shizuku","fr",""
"installer_mode_root","Root","fr",""
"tv_sync_screen_title","Send to TV","fr",""
"tv_sync_hero_title","Send an app to your TV","fr",""
"tv_sync_instructions","On the TV, open Universal Installer → Install, then scan the QR shown there.","fr",""
"tv_sync_btn_scan","Scan TV QR","fr",""
"tv_sync_prompt_scan","Scan the QR on your TV","fr",""
"tv_sync_status_connected","Connected to %1$s","fr",""
"tv_sync_btn_choose_apk","Choose APK to send","fr",""
"tv_sync_btn_rescan","Scan a different TV","fr",""
"tv_sync_status_sending","Sending…","fr",""
"tv_sync_status_sent","Sent ✓ — confirm the install on your TV","fr",""
"tv_sync_status_failed","Failed: %1$s","fr",""
"sync_storage_permission_title","Storage Permission Required","fr",""
"sync_storage_permission_message","Sync Server needs full storage access to share and manage APK files. Please grant \""All files access\"" in Settings.","fr",""
"sync_open_settings","Open Settings","fr",""
"sync_qr_code_title","Scan QR Code","fr",""
"sync_qr_code_message","Open your camera and scan this code to access the server.","fr",""
"sync_close","Close","fr",""
"sync_server_offline","Server Offline","fr",""
"sync_server_starting","Starting…","fr",""
"sync_server_online","Server Online","fr",""
"sync_server_error","Error","fr",""
"sync_hero_subtitle","Share APK files to other devices on the same Wi-Fi network.","fr",""
"sync_server_mode","Server Mode","fr",""
"sync_server_running","Running","fr",""
"sync_server_tap_to_start","Tap to start","fr",""
"sync_server_settings","Server Settings","fr",""
"sync_port","Port","fr",""
"sync_require_pin","Require PIN","fr",""
"sync_require_pin_subtitle","Guard transfers with a password","fr",""
"sync_pin_code","PIN Code","fr",""
"sync_active_downloads","Active Downloads","fr",""
"sync_active_downloads_count","%d downloading","fr",""
"sync_no_active_downloads","No active downloads","fr",""
"sync_server_url","Server URL","fr",""
"sync_active_transfer","Active Transfer","fr",""
"sync_active_transfers_count","Active Transfers (%d)","fr",""
"sync_add_files_to_share","Add Files to Share","fr",""
"sync_shared_files_count","Shared Files (%1$d)","fr",""
"sync_empty_state_message","Turn on the server to start sharing files","fr",""
"sync_delete_cd","Delete","fr",""
"sync_percentage","%1$d%%","fr",""
"sync_transfer_progress","%1$s / %2$s","fr",""
"sync_toast_added_skipped","Added %1$d file(s), skipped %2$d unsupported","fr",""
"sync_toast_added","Added %1$d file(s) to Sync Folder","fr",""
"sync_toast_unsupported","No supported package files selected (apk, apk+, apks, xapk, apkm, zip)","fr",""
"sync_toast_failed","Failed to copy files","fr",""
"file_size_gb","%1$.1f GB","fr",""
"file_size_mb","%1$.1f MB","fr",""
"file_size_kb","%1$.0f KB","fr",""
"file_size_b","%1$d B","fr",""
"setting_retry_root","Retry Root Probe","fr",""
"setting_section_interface","Interface","fr",""
"setting_section_security","Security","fr",""
"setting_lock_install_title","Lock Installations","fr",""
"setting_lock_install_subtitle","Require biometric to confirm install","fr",""
"setting_lock_uninstall_title","Lock Uninstalls","fr",""
"setting_lock_uninstall_subtitle","Require biometric to confirm uninstall","fr",""
"setting_biometric_unavailable","No biometric or device lock set up on this device.","fr",""
"setting_section_sync_short","Sync","fr",""
"setting_sync_control_panel","Sync Control Panel","fr",""
"setting_section_advanced","Advanced","fr",""
"setting_vt_api_key_title","VirusTotal API Key","fr",""
"setting_vt_api_key_placeholder","Paste API key here…","fr",""
"setting_diagnostics_title","Diagnostics","fr",""
"setting_installer_package_title","Installer Package","fr",""
"backup_settings_title","Backup Settings","fr",""
"backup_output_path","Output Path","fr",""
"backup_filename_template","Filename Template","fr",""
"backup_tags_hint","Tags: {name}, {pkg}, {version}, {code}","fr",""
"app_name","Universal Installer","hi",""
"download_notif_running_text","%1$s / %2$s · %3$d%%","hi",""
"source_action_browse_packages_sub",".APK · .APK+ · .XAPK · .APKS · .APKM","hi",""
"obb_copy_progress","%1$s / %2$s · %3$d%%","hi",""
"obb_notif_running_text","%d%%","hi",""
"apk_info_version_detail","%1$s (%2$d)","hi",""
"uninstall_current_sort_summary","%1$s %2$s","hi",""
"setting_shizuku_installer_preset_play","Google Play Store","hi",""
"setting_shizuku_installer_preset_aurora","Aurora Store","hi",""
"setting_shizuku_installer_preset_fdroid","F-Droid","hi",""
"setting_shizuku_installer_preset_amazon","Amazon Appstore","hi",""
"setting_shizuku_installer_preset_samsung","Samsung Galaxy Store","hi",""
"setting_shizuku_installer_preset_huawei","Huawei AppGallery","hi",""
"setting_shizuku_installer_preset_xiaomi","Xiaomi GetApps","hi",""
"setting_about_app_name","Universal Installer","hi",""
"setting_github_title","GitHub","hi",""
"setting_telegram_title","Telegram","hi",""
"setting_website_subtitle","universal-installer.pwhs.app","hi",""
"setting_rate_title","Rate App","hi",""
"about_creator_subtitle","Pass With High Score","hi",""
"about_license_subtitle","GNU GPL v3","hi",""
"about_btn_ok","OK","hi",""
"installer_mode_shizuku","Shizuku","hi",""
"installer_mode_root","Root","hi",""
"tv_sync_screen_title","Send to TV","hi",""
"tv_sync_hero_title","Send an app to your TV","hi",""
"tv_sync_instructions","On the TV, open Universal Installer → Install, then scan the QR shown there.","hi",""
"tv_sync_btn_scan","Scan TV QR","hi",""
"tv_sync_prompt_scan","Scan the QR on your TV","hi",""
"tv_sync_status_connected","Connected to %1$s","hi",""
"tv_sync_btn_choose_apk","Choose APK to send","hi",""
"tv_sync_btn_rescan","Scan a different TV","hi",""
"tv_sync_status_sending","Sending…","hi",""
"tv_sync_status_sent","Sent ✓ — confirm the install on your TV","hi",""
"tv_sync_status_failed","Failed: %1$s","hi",""
"sync_storage_permission_title","Storage Permission Required","hi",""
"sync_storage_permission_message","Sync Server needs full storage access to share and manage APK files. Please grant \""All files access\"" in Settings.","hi",""
"sync_open_settings","Open Settings","hi",""
"sync_qr_code_title","Scan QR Code","hi",""
"sync_qr_code_message","Open your camera and scan this code to access the server.","hi",""
"sync_close","Close","hi",""
"sync_server_offline","Server Offline","hi",""
"sync_server_starting","Starting…","hi",""
"sync_server_online","Server Online","hi",""
"sync_server_error","Error","hi",""
"sync_hero_subtitle","Share APK files to other devices on the same Wi-Fi network.","hi",""
"sync_server_mode","Server Mode","hi",""
"sync_server_running","Running","hi",""
"sync_server_tap_to_start","Tap to start","hi",""
"sync_server_settings","Server Settings","hi",""
"sync_port","Port","hi",""
"sync_require_pin","Require PIN","hi",""
"sync_require_pin_subtitle","Guard transfers with a password","hi",""
"sync_pin_code","PIN Code","hi",""
"sync_active_downloads","Active Downloads","hi",""
"sync_active_downloads_count","%d downloading","hi",""
"sync_no_active_downloads","No active downloads","hi",""
"sync_server_url","Server URL","hi",""
"sync_active_transfer","Active Transfer","hi",""
"sync_active_transfers_count","Active Transfers (%d)","hi",""
"sync_add_files_to_share","Add Files to Share","hi",""
"sync_shared_files_count","Shared Files (%1$d)","hi",""
"sync_empty_state_message","Turn on the server to start sharing files","hi",""
"sync_delete_cd","Delete","hi",""
"sync_percentage","%1$d%%","hi",""
"sync_transfer_progress","%1$s / %2$s","hi",""
"sync_toast_added_skipped","Added %1$d file(s), skipped %2$d unsupported","hi",""
"sync_toast_added","Added %1$d file(s) to Sync Folder","hi",""
"sync_toast_unsupported","No supported package files selected (apk, apk+, apks, xapk, apkm, zip)","hi",""
"sync_toast_failed","Failed to copy files","hi",""
"file_size_gb","%1$.1f GB","hi",""
"file_size_mb","%1$.1f MB","hi",""
"file_size_kb","%1$.0f KB","hi",""
"file_size_b","%1$d B","hi",""
"setting_retry_root","Retry Root Probe","hi",""
"setting_section_interface","Interface","hi",""
"setting_section_security","Security","hi",""
"setting_lock_install_title","Lock Installations","hi",""
"setting_lock_install_subtitle","Require biometric to confirm install","hi",""
"setting_lock_uninstall_title","Lock Uninstalls","hi",""
"setting_lock_uninstall_subtitle","Require biometric to confirm uninstall","hi",""
"setting_biometric_unavailable","No biometric or device lock set up on this device.","hi",""
"setting_section_sync_short","Sync","hi",""
"setting_sync_control_panel","Sync Control Panel","hi",""
"setting_section_advanced","Advanced","hi",""
"setting_vt_api_key_title","VirusTotal API Key","hi",""
"setting_vt_api_key_placeholder","Paste API key here…","hi",""
"setting_diagnostics_title","Diagnostics","hi",""
"setting_installer_package_title","Installer Package","hi",""
"backup_settings_title","Backup Settings","hi",""
"backup_output_path","Output Path","hi",""
"backup_filename_template","Filename Template","hi",""
"backup_tags_hint","Tags: {name}, {pkg}, {version}, {code}","hi",""
"app_name","Universal Installer","in",""
"download_notif_running_text","%1$s / %2$s · %3$d%%","in",""
"source_action_browse_packages_sub",".APK · .APK+ · .XAPK · .APKS · .APKM","in",""
"obb_copy_progress","%1$s / %2$s · %3$d%%","in",""
"obb_notif_running_text","%d%%","in",""
"apk_info_version_detail","%1$s (%2$d)","in",""
"uninstall_current_sort_summary","%1$s %2$s","in",""
"setting_shizuku_installer_preset_play","Google Play Store","in",""
"setting_shizuku_installer_preset_aurora","Aurora Store","in",""
"setting_shizuku_installer_preset_fdroid","F-Droid","in",""
"setting_shizuku_installer_preset_amazon","Amazon Appstore","in",""
"setting_shizuku_installer_preset_samsung","Samsung Galaxy Store","in",""
"setting_shizuku_installer_preset_huawei","Huawei AppGallery","in",""
"setting_shizuku_installer_preset_xiaomi","Xiaomi GetApps","in",""
"setting_about_app_name","Universal Installer","in",""
"setting_github_title","GitHub","in",""
"setting_telegram_title","Telegram","in",""
"setting_website_subtitle","universal-installer.pwhs.app","in",""
"setting_rate_title","Rate App","in",""
"about_creator_subtitle","Pass With High Score","in",""
"about_license_subtitle","GNU GPL v3","in",""
"about_btn_ok","OK","in",""
"installer_mode_shizuku","Shizuku","in",""
"installer_mode_root","Root","in",""
"tv_sync_screen_title","Send to TV","in",""
"tv_sync_hero_title","Send an app to your TV","in",""
"tv_sync_instructions","On the TV, open Universal Installer → Install, then scan the QR shown there.","in",""
"tv_sync_btn_scan","Scan TV QR","in",""
"tv_sync_prompt_scan","Scan the QR on your TV","in",""
"tv_sync_status_connected","Connected to %1$s","in",""
"tv_sync_btn_choose_apk","Choose APK to send","in",""
"tv_sync_btn_rescan","Scan a different TV","in",""
"tv_sync_status_sending","Sending…","in",""
"tv_sync_status_sent","Sent ✓ — confirm the install on your TV","in",""
"tv_sync_status_failed","Failed: %1$s","in",""
"sync_storage_permission_title","Storage Permission Required","in",""
"sync_storage_permission_message","Sync Server needs full storage access to share and manage APK files. Please grant \""All files access\"" in Settings.","in",""
"sync_open_settings","Open Settings","in",""
"sync_qr_code_title","Scan QR Code","in",""
"sync_qr_code_message","Open your camera and scan this code to access the server.","in",""
"sync_close","Close","in",""
"sync_server_offline","Server Offline","in",""
"sync_server_starting","Starting…","in",""
"sync_server_online","Server Online","in",""
"sync_server_error","Error","in",""
"sync_hero_subtitle","Share APK files to other devices on the same Wi-Fi network.","in",""
"sync_server_mode","Server Mode","in",""
"sync_server_running","Running","in",""
"sync_server_tap_to_start","Tap to start","in",""
"sync_server_settings","Server Settings","in",""
"sync_port","Port","in",""
"sync_require_pin","Require PIN","in",""
"sync_require_pin_subtitle","Guard transfers with a password","in",""
"sync_pin_code","PIN Code","in",""
"sync_active_downloads","Active Downloads","in",""
"sync_active_downloads_count","%d downloading","in",""
"sync_no_active_downloads","No active downloads","in",""
"sync_server_url","Server URL","in",""
"sync_active_transfer","Active Transfer","in",""
"sync_active_transfers_count","Active Transfers (%d)","in",""
"sync_add_files_to_share","Add Files to Share","in",""
"sync_shared_files_count","Shared Files (%1$d)","in",""
"sync_empty_state_message","Turn on the server to start sharing files","in",""
"sync_delete_cd","Delete","in",""
"sync_percentage","%1$d%%","in",""
"sync_transfer_progress","%1$s / %2$s","in",""
"sync_toast_added_skipped","Added %1$d file(s), skipped %2$d unsupported","in",""
"sync_toast_added","Added %1$d file(s) to Sync Folder","in",""
"sync_toast_unsupported","No supported package files selected (apk, apk+, apks, xapk, apkm, zip)","in",""
"sync_toast_failed","Failed to copy files","in",""
"file_size_gb","%1$.1f GB","in",""
"file_size_mb","%1$.1f MB","in",""
"file_size_kb","%1$.0f KB","in",""
"file_size_b","%1$d B","in",""
"setting_retry_root","Retry Root Probe","in",""
"setting_section_interface","Interface","in",""
"setting_section_security","Security","in",""
"setting_lock_install_title","Lock Installations","in",""
"setting_lock_install_subtitle","Require biometric to confirm install","in",""
"setting_lock_uninstall_title","Lock Uninstalls","in",""
"setting_lock_uninstall_subtitle","Require biometric to confirm uninstall","in",""
"setting_biometric_unavailable","No biometric or device lock set up on this device.","in",""
"setting_section_sync_short","Sync","in",""
"setting_sync_control_panel","Sync Control Panel","in",""
"setting_section_advanced","Advanced","in",""
"setting_vt_api_key_title","VirusTotal API Key","in",""
"setting_vt_api_key_placeholder","Paste API key here…","in",""
"setting_diagnostics_title","Diagnostics","in",""
"setting_installer_package_title","Installer Package","in",""
"backup_settings_title","Backup Settings","in",""
"backup_output_path","Output Path","in",""
"backup_filename_template","Filename Template","in",""
"backup_tags_hint","Tags: {name}, {pkg}, {version}, {code}","in",""
"app_name","Universal Installer","it",""
"download_notif_running_text","%1$s / %2$s · %3$d%%","it",""
"source_action_browse_packages_sub",".APK · .APK+ · .XAPK · .APKS · .APKM","it",""
"obb_copy_progress","%1$s / %2$s · %3$d%%","it",""
"obb_notif_running_text","%d%%","it",""
"apk_info_version_detail","%1$s (%2$d)","it",""
"uninstall_current_sort_summary","%1$s %2$s","it",""
"setting_shizuku_installer_preset_play","Google Play Store","it",""
"setting_shizuku_installer_preset_aurora","Aurora Store","it",""
"setting_shizuku_installer_preset_fdroid","F-Droid","it",""
"setting_shizuku_installer_preset_amazon","Amazon Appstore","it",""
"setting_shizuku_installer_preset_samsung","Samsung Galaxy Store","it",""
"setting_shizuku_installer_preset_huawei","Huawei AppGallery","it",""
"setting_shizuku_installer_preset_xiaomi","Xiaomi GetApps","it",""
"setting_about_app_name","Universal Installer","it",""
"setting_github_title","GitHub","it",""
"setting_telegram_title","Telegram","it",""
"setting_website_subtitle","universal-installer.pwhs.app","it",""
"setting_rate_title","Rate App","it",""
"about_creator_subtitle","Pass With High Score","it",""
"about_license_subtitle","GNU GPL v3","it",""
"about_btn_ok","OK","it",""
"installer_mode_shizuku","Shizuku","it",""
"installer_mode_root","Root","it",""
"tv_sync_screen_title","Send to TV","it",""
"tv_sync_hero_title","Send an app to your TV","it",""
"tv_sync_instructions","On the TV, open Universal Installer → Install, then scan the QR shown there.","it",""
"tv_sync_btn_scan","Scan TV QR","it",""
"tv_sync_prompt_scan","Scan the QR on your TV","it",""
"tv_sync_status_connected","Connected to %1$s","it",""
"tv_sync_btn_choose_apk","Choose APK to send","it",""
"tv_sync_btn_rescan","Scan a different TV","it",""
"tv_sync_status_sending","Sending…","it",""
"tv_sync_status_sent","Sent ✓ — confirm the install on your TV","it",""
"tv_sync_status_failed","Failed: %1$s","it",""
"sync_storage_permission_title","Storage Permission Required","it",""
"sync_storage_permission_message","Sync Server needs full storage access to share and manage APK files. Please grant \""All files access\"" in Settings.","it",""
"sync_open_settings","Open Settings","it",""
"sync_qr_code_title","Scan QR Code","it",""
"sync_qr_code_message","Open your camera and scan this code to access the server.","it",""
"sync_close","Close","it",""
"sync_server_offline","Server Offline","it",""
"sync_server_starting","Starting…","it",""
"sync_server_online","Server Online","it",""
"sync_server_error","Error","it",""
"sync_hero_subtitle","Share APK files to other devices on the same Wi-Fi network.","it",""
"sync_server_mode","Server Mode","it",""
"sync_server_running","Running","it",""
"sync_server_tap_to_start","Tap to start","it",""
"sync_server_settings","Server Settings","it",""
"sync_port","Port","it",""
"sync_require_pin","Require PIN","it",""
"sync_require_pin_subtitle","Guard transfers with a password","it",""
"sync_pin_code","PIN Code","it",""
"sync_active_downloads","Active Downloads","it",""
"sync_active_downloads_count","%d downloading","it",""
"sync_no_active_downloads","No active downloads","it",""
"sync_server_url","Server URL","it",""
"sync_active_transfer","Active Transfer","it",""
"sync_active_transfers_count","Active Transfers (%d)","it",""
"sync_add_files_to_share","Add Files to Share","it",""
"sync_shared_files_count","Shared Files (%1$d)","it",""
"sync_empty_state_message","Turn on the server to start sharing files","it",""
"sync_delete_cd","Delete","it",""
"sync_percentage","%1$d%%","it",""
"sync_transfer_progress","%1$s / %2$s","it",""
"sync_toast_added_skipped","Added %1$d file(s), skipped %2$d unsupported","it",""
"sync_toast_added","Added %1$d file(s) to Sync Folder","it",""
"sync_toast_unsupported","No supported package files selected (apk, apk+, apks, xapk, apkm, zip)","it",""
"sync_toast_failed","Failed to copy files","it",""
"file_size_gb","%1$.1f GB","it",""
"file_size_mb","%1$.1f MB","it",""
"file_size_kb","%1$.0f KB","it",""
"file_size_b","%1$d B","it",""
"setting_retry_root","Retry Root Probe","it",""
"setting_section_interface","Interface","it",""
"setting_section_security","Security","it",""
"setting_lock_install_title","Lock Installations","it",""
"setting_lock_install_subtitle","Require biometric to confirm install","it",""
"setting_lock_uninstall_title","Lock Uninstalls","it",""
"setting_lock_uninstall_subtitle","Require biometric to confirm uninstall","it",""
"setting_biometric_unavailable","No biometric or device lock set up on this device.","it",""
"setting_section_sync_short","Sync","it",""
"setting_sync_control_panel","Sync Control Panel","it",""
"setting_section_advanced","Advanced","it",""
"setting_vt_api_key_title","VirusTotal API Key","it",""
"setting_vt_api_key_placeholder","Paste API key here…","it",""
"setting_diagnostics_title","Diagnostics","it",""
"setting_installer_package_title","Installer Package","it",""
"backup_settings_title","Backup Settings","it",""
"backup_output_path","Output Path","it",""
"backup_filename_template","Filename Template","it",""
"backup_tags_hint","Tags: {name}, {pkg}, {version}, {code}","it",""
"app_name","Universal Installer","ja",""
"download_notif_running_text","%1$s / %2$s · %3$d%%","ja",""
"source_action_browse_packages_sub",".APK · .APK+ · .XAPK · .APKS · .APKM","ja",""
"obb_copy_progress","%1$s / %2$s · %3$d%%","ja",""
"obb_notif_running_text","%d%%","ja",""
"apk_info_version_detail","%1$s (%2$d)","ja",""
"uninstall_current_sort_summary","%1$s %2$s","ja",""
"setting_shizuku_installer_preset_play","Google Play Store","ja",""
"setting_shizuku_installer_preset_aurora","Aurora Store","ja",""
"setting_shizuku_installer_preset_fdroid","F-Droid","ja",""
"setting_shizuku_installer_preset_amazon","Amazon Appstore","ja",""
"setting_shizuku_installer_preset_samsung","Samsung Galaxy Store","ja",""
"setting_shizuku_installer_preset_huawei","Huawei AppGallery","ja",""
"setting_shizuku_installer_preset_xiaomi","Xiaomi GetApps","ja",""
"setting_about_app_name","Universal Installer","ja",""
"setting_github_title","GitHub","ja",""
"setting_telegram_title","Telegram","ja",""
"setting_website_subtitle","universal-installer.pwhs.app","ja",""
"setting_rate_title","Rate App","ja",""
"about_creator_subtitle","Pass With High Score","ja",""
"about_license_subtitle","GNU GPL v3","ja",""
"about_btn_ok","OK","ja",""
"installer_mode_shizuku","Shizuku","ja",""
"installer_mode_root","Root","ja",""
"tv_sync_screen_title","Send to TV","ja",""
"tv_sync_hero_title","Send an app to your TV","ja",""
"tv_sync_instructions","On the TV, open Universal Installer → Install, then scan the QR shown there.","ja",""
"tv_sync_btn_scan","Scan TV QR","ja",""
"tv_sync_prompt_scan","Scan the QR on your TV","ja",""
"tv_sync_status_connected","Connected to %1$s","ja",""
"tv_sync_btn_choose_apk","Choose APK to send","ja",""
"tv_sync_btn_rescan","Scan a different TV","ja",""
"tv_sync_status_sending","Sending…","ja",""
"tv_sync_status_sent","Sent ✓ — confirm the install on your TV","ja",""
"tv_sync_status_failed","Failed: %1$s","ja",""
"sync_storage_permission_title","Storage Permission Required","ja",""
"sync_storage_permission_message","Sync Server needs full storage access to share and manage APK files. Please grant \""All files access\"" in Settings.","ja",""
"sync_open_settings","Open Settings","ja",""
"sync_qr_code_title","Scan QR Code","ja",""
"sync_qr_code_message","Open your camera and scan this code to access the server.","ja",""
"sync_close","Close","ja",""
"sync_server_offline","Server Offline","ja",""
"sync_server_starting","Starting…","ja",""
"sync_server_online","Server Online","ja",""
"sync_server_error","Error","ja",""
"sync_hero_subtitle","Share APK files to other devices on the same Wi-Fi network.","ja",""
"sync_server_mode","Server Mode","ja",""
"sync_server_running","Running","ja",""
"sync_server_tap_to_start","Tap to start","ja",""
"sync_server_settings","Server Settings","ja",""
"sync_port","Port","ja",""
"sync_require_pin","Require PIN","ja",""
"sync_require_pin_subtitle","Guard transfers with a password","ja",""
"sync_pin_code","PIN Code","ja",""
"sync_active_downloads","Active Downloads","ja",""
"sync_active_downloads_count","%d downloading","ja",""
"sync_no_active_downloads","No active downloads","ja",""
"sync_server_url","Server URL","ja",""
"sync_active_transfer","Active Transfer","ja",""
"sync_active_transfers_count","Active Transfers (%d)","ja",""
"sync_add_files_to_share","Add Files to Share","ja",""
"sync_shared_files_count","Shared Files (%1$d)","ja",""
"sync_empty_state_message","Turn on the server to start sharing files","ja",""
"sync_delete_cd","Delete","ja",""
"sync_percentage","%1$d%%","ja",""
"sync_transfer_progress","%1$s / %2$s","ja",""
"sync_toast_added_skipped","Added %1$d file(s), skipped %2$d unsupported","ja",""
"sync_toast_added","Added %1$d file(s) to Sync Folder","ja",""
"sync_toast_unsupported","No supported package files selected (apk, apk+, apks, xapk, apkm, zip)","ja",""
"sync_toast_failed","Failed to copy files","ja",""
"file_size_gb","%1$.1f GB","ja",""
"file_size_mb","%1$.1f MB","ja",""
"file_size_kb","%1$.0f KB","ja",""
"file_size_b","%1$d B","ja",""
"setting_retry_root","Retry Root Probe","ja",""
"setting_section_interface","Interface","ja",""
"setting_section_security","Security","ja",""
"setting_lock_install_title","Lock Installations","ja",""
"setting_lock_install_subtitle","Require biometric to confirm install","ja",""
"setting_lock_uninstall_title","Lock Uninstalls","ja",""
"setting_lock_uninstall_subtitle","Require biometric to confirm uninstall","ja",""
"setting_biometric_unavailable","No biometric or device lock set up on this device.","ja",""
"setting_section_sync_short","Sync","ja",""
"setting_sync_control_panel","Sync Control Panel","ja",""
"setting_section_advanced","Advanced","ja",""
"setting_vt_api_key_title","VirusTotal API Key","ja",""
"setting_vt_api_key_placeholder","Paste API key here…","ja",""
"setting_diagnostics_title","Diagnostics","ja",""
"setting_installer_package_title","Installer Package","ja",""
"backup_settings_title","Backup Settings","ja",""
"backup_output_path","Output Path","ja",""
"backup_filename_template","Filename Template","ja",""
"backup_tags_hint","Tags: {name}, {pkg}, {version}, {code}","ja",""
"app_name","Universal Installer","ko",""
"download_notif_running_text","%1$s / %2$s · %3$d%%","ko",""
"source_action_browse_packages_sub",".APK · .APK+ · .XAPK · .APKS · .APKM","ko",""
"obb_copy_progress","%1$s / %2$s · %3$d%%","ko",""
"obb_notif_running_text","%d%%","ko",""
"apk_info_version_detail","%1$s (%2$d)","ko",""
"uninstall_current_sort_summary","%1$s %2$s","ko",""
"setting_shizuku_installer_preset_play","Google Play Store","ko",""
"setting_shizuku_installer_preset_aurora","Aurora Store","ko",""
"setting_shizuku_installer_preset_fdroid","F-Droid","ko",""
"setting_shizuku_installer_preset_amazon","Amazon Appstore","ko",""
"setting_shizuku_installer_preset_samsung","Samsung Galaxy Store","ko",""
"setting_shizuku_installer_preset_huawei","Huawei AppGallery","ko",""
"setting_shizuku_installer_preset_xiaomi","Xiaomi GetApps","ko",""
"setting_about_app_name","Universal Installer","ko",""
"setting_github_title","GitHub","ko",""
"setting_telegram_title","Telegram","ko",""
"setting_website_subtitle","universal-installer.pwhs.app","ko",""
"setting_rate_title","Rate App","ko",""
"about_creator_subtitle","Pass With High Score","ko",""
"about_license_subtitle","GNU GPL v3","ko",""
"about_btn_ok","OK","ko",""
"installer_mode_shizuku","Shizuku","ko",""
"installer_mode_root","Root","ko",""
"tv_sync_screen_title","Send to TV","ko",""
"tv_sync_hero_title","Send an app to your TV","ko",""
"tv_sync_instructions","On the TV, open Universal Installer → Install, then scan the QR shown there.","ko",""
"tv_sync_btn_scan","Scan TV QR","ko",""
"tv_sync_prompt_scan","Scan the QR on your TV","ko",""
"tv_sync_status_connected","Connected to %1$s","ko",""
"tv_sync_btn_choose_apk","Choose APK to send","ko",""
"tv_sync_btn_rescan","Scan a different TV","ko",""
"tv_sync_status_sending","Sending…","ko",""
"tv_sync_status_sent","Sent ✓ — confirm the install on your TV","ko",""
"tv_sync_status_failed","Failed: %1$s","ko",""
"sync_storage_permission_title","Storage Permission Required","ko",""
"sync_storage_permission_message","Sync Server needs full storage access to share and manage APK files. Please grant \""All files access\"" in Settings.","ko",""
"sync_open_settings","Open Settings","ko",""
"sync_qr_code_title","Scan QR Code","ko",""
"sync_qr_code_message","Open your camera and scan this code to access the server.","ko",""
"sync_close","Close","ko",""
"sync_server_offline","Server Offline","ko",""
"sync_server_starting","Starting…","ko",""
"sync_server_online","Server Online","ko",""
"sync_server_error","Error","ko",""
"sync_hero_subtitle","Share APK files to other devices on the same Wi-Fi network.","ko",""
"sync_server_mode","Server Mode","ko",""
"sync_server_running","Running","ko",""
"sync_server_tap_to_start","Tap to start","ko",""
"sync_server_settings","Server Settings","ko",""
"sync_port","Port","ko",""
"sync_require_pin","Require PIN","ko",""
"sync_require_pin_subtitle","Guard transfers with a password","ko",""
"sync_pin_code","PIN Code","ko",""
"sync_active_downloads","Active Downloads","ko",""
"sync_active_downloads_count","%d downloading","ko",""
"sync_no_active_downloads","No active downloads","ko",""
"sync_server_url","Server URL","ko",""
"sync_active_transfer","Active Transfer","ko",""
"sync_active_transfers_count","Active Transfers (%d)","ko",""
"sync_add_files_to_share","Add Files to Share","ko",""
"sync_shared_files_count","Shared Files (%1$d)","ko",""
"sync_empty_state_message","Turn on the server to start sharing files","ko",""
"sync_delete_cd","Delete","ko",""
"sync_percentage","%1$d%%","ko",""
"sync_transfer_progress","%1$s / %2$s","ko",""
"sync_toast_added_skipped","Added %1$d file(s), skipped %2$d unsupported","ko",""
"sync_toast_added","Added %1$d file(s) to Sync Folder","ko",""
"sync_toast_unsupported","No supported package files selected (apk, apk+, apks, xapk, apkm, zip)","ko",""
"sync_toast_failed","Failed to copy files","ko",""
"file_size_gb","%1$.1f GB","ko",""
"file_size_mb","%1$.1f MB","ko",""
"file_size_kb","%1$.0f KB","ko",""
"file_size_b","%1$d B","ko",""
"setting_retry_root","Retry Root Probe","ko",""
"setting_section_interface","Interface","ko",""
"setting_section_security","Security","ko",""
"setting_lock_install_title","Lock Installations","ko",""
"setting_lock_install_subtitle","Require biometric to confirm install","ko",""
"setting_lock_uninstall_title","Lock Uninstalls","ko",""
"setting_lock_uninstall_subtitle","Require biometric to confirm uninstall","ko",""
"setting_biometric_unavailable","No biometric or device lock set up on this device.","ko",""
"setting_section_sync_short","Sync","ko",""
"setting_sync_control_panel","Sync Control Panel","ko",""
"setting_section_advanced","Advanced","ko",""
"setting_vt_api_key_title","VirusTotal API Key","ko",""
"setting_vt_api_key_placeholder","Paste API key here…","ko",""
"setting_diagnostics_title","Diagnostics","ko",""
"setting_installer_package_title","Installer Package","ko",""
"backup_settings_title","Backup Settings","ko",""
"backup_output_path","Output Path","ko",""
"backup_filename_template","Filename Template","ko",""
"backup_tags_hint","Tags: {name}, {pkg}, {version}, {code}","ko",""
"app_name","Universal Installer","pt-rBR",""
"download_notif_running_text","%1$s / %2$s · %3$d%%","pt-rBR",""
"source_action_browse_packages_sub",".APK · .APK+ · .XAPK · .APKS · .APKM","pt-rBR",""
"obb_copy_progress","%1$s / %2$s · %3$d%%","pt-rBR",""
"obb_notif_running_text","%d%%","pt-rBR",""
"apk_info_version_detail","%1$s (%2$d)","pt-rBR",""
"uninstall_current_sort_summary","%1$s %2$s","pt-rBR",""
"setting_shizuku_installer_preset_play","Google Play Store","pt-rBR",""
"setting_shizuku_installer_preset_aurora","Aurora Store","pt-rBR",""
"setting_shizuku_installer_preset_fdroid","F-Droid","pt-rBR",""
"setting_shizuku_installer_preset_amazon","Amazon Appstore","pt-rBR",""
"setting_shizuku_installer_preset_samsung","Samsung Galaxy Store","pt-rBR",""
"setting_shizuku_installer_preset_huawei","Huawei AppGallery","pt-rBR",""
"setting_shizuku_installer_preset_xiaomi","Xiaomi GetApps","pt-rBR",""
"setting_about_app_name","Universal Installer","pt-rBR",""
"setting_github_title","GitHub","pt-rBR",""
"setting_telegram_title","Telegram","pt-rBR",""
"setting_website_subtitle","universal-installer.pwhs.app","pt-rBR",""
"setting_rate_title","Rate App","pt-rBR",""
"about_creator_subtitle","Pass With High Score","pt-rBR",""
"about_license_subtitle","GNU GPL v3","pt-rBR",""
"about_btn_ok","OK","pt-rBR",""
"installer_mode_shizuku","Shizuku","pt-rBR",""
"installer_mode_root","Root","pt-rBR",""
"tv_sync_screen_title","Send to TV","pt-rBR",""
"tv_sync_hero_title","Send an app to your TV","pt-rBR",""
"tv_sync_instructions","On the TV, open Universal Installer → Install, then scan the QR shown there.","pt-rBR",""
"tv_sync_btn_scan","Scan TV QR","pt-rBR",""
"tv_sync_prompt_scan","Scan the QR on your TV","pt-rBR",""
"tv_sync_status_connected","Connected to %1$s","pt-rBR",""
"tv_sync_btn_choose_apk","Choose APK to send","pt-rBR",""
"tv_sync_btn_rescan","Scan a different TV","pt-rBR",""
"tv_sync_status_sending","Sending…","pt-rBR",""
"tv_sync_status_sent","Sent ✓ — confirm the install on your TV","pt-rBR",""
"tv_sync_status_failed","Failed: %1$s","pt-rBR",""
"sync_storage_permission_title","Storage Permission Required","pt-rBR",""
"sync_storage_permission_message","Sync Server needs full storage access to share and manage APK files. Please grant \""All files access\"" in Settings.","pt-rBR",""
"sync_open_settings","Open Settings","pt-rBR",""
"sync_qr_code_title","Scan QR Code","pt-rBR",""
"sync_qr_code_message","Open your camera and scan this code to access the server.","pt-rBR",""
"sync_close","Close","pt-rBR",""
"sync_server_offline","Server Offline","pt-rBR",""
"sync_server_starting","Starting…","pt-rBR",""
"sync_server_online","Server Online","pt-rBR",""
"sync_server_error","Error","pt-rBR",""
"sync_hero_subtitle","Share APK files to other devices on the same Wi-Fi network.","pt-rBR",""
"sync_server_mode","Server Mode","pt-rBR",""
"sync_server_running","Running","pt-rBR",""
"sync_server_tap_to_start","Tap to start","pt-rBR",""
"sync_server_settings","Server Settings","pt-rBR",""
"sync_port","Port","pt-rBR",""
"sync_require_pin","Require PIN","pt-rBR",""
"sync_require_pin_subtitle","Guard transfers with a password","pt-rBR",""
"sync_pin_code","PIN Code","pt-rBR",""
"sync_active_downloads","Active Downloads","pt-rBR",""
"sync_active_downloads_count","%d downloading","pt-rBR",""
"sync_no_active_downloads","No active downloads","pt-rBR",""
"sync_server_url","Server URL","pt-rBR",""
"sync_active_transfer","Active Transfer","pt-rBR",""
"sync_active_transfers_count","Active Transfers (%d)","pt-rBR",""
"sync_add_files_to_share","Add Files to Share","pt-rBR",""
"sync_shared_files_count","Shared Files (%1$d)","pt-rBR",""
"sync_empty_state_message","Turn on the server to start sharing files","pt-rBR",""
"sync_delete_cd","Delete","pt-rBR",""
"sync_percentage","%1$d%%","pt-rBR",""
"sync_transfer_progress","%1$s / %2$s","pt-rBR",""
"sync_toast_added_skipped","Added %1$d file(s), skipped %2$d unsupported","pt-rBR",""
"sync_toast_added","Added %1$d file(s) to Sync Folder","pt-rBR",""
"sync_toast_unsupported","No supported package files selected (apk, apk+, apks, xapk, apkm, zip)","pt-rBR",""
"sync_toast_failed","Failed to copy files","pt-rBR",""
"file_size_gb","%1$.1f GB","pt-rBR",""
"file_size_mb","%1$.1f MB","pt-rBR",""
"file_size_kb","%1$.0f KB","pt-rBR",""
"file_size_b","%1$d B","pt-rBR",""
"setting_retry_root","Retry Root Probe","pt-rBR",""
"setting_section_interface","Interface","pt-rBR",""
"setting_section_security","Security","pt-rBR",""
"setting_lock_install_title","Lock Installations","pt-rBR",""
"setting_lock_install_subtitle","Require biometric to confirm install","pt-rBR",""
"setting_lock_uninstall_title","Lock Uninstalls","pt-rBR",""
"setting_lock_uninstall_subtitle","Require biometric to confirm uninstall","pt-rBR",""
"setting_biometric_unavailable","No biometric or device lock set up on this device.","pt-rBR",""
"setting_section_sync_short","Sync","pt-rBR",""
"setting_sync_control_panel","Sync Control Panel","pt-rBR",""
"setting_section_advanced","Advanced","pt-rBR",""
"setting_vt_api_key_title","VirusTotal API Key","pt-rBR",""
"setting_vt_api_key_placeholder","Paste API key here…","pt-rBR",""
"setting_diagnostics_title","Diagnostics","pt-rBR",""
"setting_installer_package_title","Installer Package","pt-rBR",""
"backup_settings_title","Backup Settings","pt-rBR",""
"backup_output_path","Output Path","pt-rBR",""
"backup_filename_template","Filename Template","pt-rBR",""
"backup_tags_hint","Tags: {name}, {pkg}, {version}, {code}","pt-rBR",""
"tv_sync_screen_title","Send to TV","ro",""
"tv_sync_hero_title","Send an app to your TV","ro",""
"tv_sync_instructions","On the TV, open Universal Installer → Install, then scan the QR shown there.","ro",""
"tv_sync_btn_scan","Scan TV QR","ro",""
"tv_sync_prompt_scan","Scan the QR on your TV","ro",""
"tv_sync_status_connected","Connected to %1$s","ro",""
"tv_sync_btn_choose_apk","Choose APK to send","ro",""
"tv_sync_btn_rescan","Scan a different TV","ro",""
"tv_sync_status_sending","Sending…","ro",""
"tv_sync_status_sent","Sent ✓ — confirm the install on your TV","ro",""
"tv_sync_status_failed","Failed: %1$s","ro",""
"sync_storage_permission_title","Storage Permission Required","ro",""
"sync_storage_permission_message","Sync Server needs full storage access to share and manage APK files. Please grant \""All files access\"" in Settings.","ro",""
"sync_open_settings","Open Settings","ro",""
"sync_qr_code_title","Scan QR Code","ro",""
"sync_qr_code_message","Open your camera and scan this code to access the server.","ro",""
"sync_close","Close","ro",""
"sync_server_offline","Server Offline","ro",""
"sync_server_starting","Starting…","ro",""
"sync_server_online","Server Online","ro",""
"sync_server_error","Error","ro",""
"sync_hero_subtitle","Share APK files to other devices on the same Wi-Fi network.","ro",""
"sync_server_mode","Server Mode","ro",""
"sync_server_running","Running","ro",""
"sync_server_tap_to_start","Tap to start","ro",""
"sync_server_settings","Server Settings","ro",""
"sync_port","Port","ro",""
"sync_require_pin","Require PIN","ro",""
"sync_require_pin_subtitle","Guard transfers with a password","ro",""
"sync_pin_code","PIN Code","ro",""
"sync_active_downloads","Active Downloads","ro",""
"sync_active_downloads_count","%d downloading","ro",""
"sync_no_active_downloads","No active downloads","ro",""
"sync_server_url","Server URL","ro",""
"sync_active_transfer","Active Transfer","ro",""
"sync_active_transfers_count","Active Transfers (%d)","ro",""
"sync_add_files_to_share","Add Files to Share","ro",""
"sync_shared_files_count","Shared Files (%1$d)","ro",""
"sync_empty_state_message","Turn on the server to start sharing files","ro",""
"sync_delete_cd","Delete","ro",""
"sync_percentage","%1$d%%","ro",""
"sync_transfer_progress","%1$s / %2$s","ro",""
"sync_toast_added_skipped","Added %1$d file(s), skipped %2$d unsupported","ro",""
"sync_toast_added","Added %1$d file(s) to Sync Folder","ro",""
"sync_toast_unsupported","No supported package files selected (apk, apk+, apks, xapk, apkm, zip)","ro",""
"sync_toast_failed","Failed to copy files","ro",""
"file_size_gb","%1$.1f GB","ro",""
"file_size_mb","%1$.1f MB","ro",""
"file_size_kb","%1$.0f KB","ro",""
"file_size_b","%1$d B","ro",""
"setting_retry_root","Retry Root Probe","ro",""
"setting_section_interface","Interface","ro",""
"setting_section_security","Security","ro",""
"setting_lock_install_title","Lock Installations","ro",""
"setting_lock_install_subtitle","Require biometric to confirm install","ro",""
"setting_lock_uninstall_title","Lock Uninstalls","ro",""
"setting_lock_uninstall_subtitle","Require biometric to confirm uninstall","ro",""
"setting_biometric_unavailable","No biometric or device lock set up on this device.","ro",""
"setting_section_sync_short","Sync","ro",""
"setting_sync_control_panel","Sync Control Panel","ro",""
"setting_section_advanced","Advanced","ro",""
"setting_vt_api_key_title","VirusTotal API Key","ro",""
"setting_vt_api_key_placeholder","Paste API key here…","ro",""
"setting_diagnostics_title","Diagnostics","ro",""
"setting_installer_package_title","Installer Package","ro",""
"backup_settings_title","Backup Settings","ro",""
"backup_output_path","Output Path","ro",""
"backup_filename_template","Filename Template","ro",""
"backup_tags_hint","Tags: {name}, {pkg}, {version}, {code}","ro",""
"app_name","Universal Installer","ru",""
"download_notif_running_text","%1$s / %2$s · %3$d%%","ru",""
"source_action_browse_packages_sub",".APK · .APK+ · .XAPK · .APKS · .APKM","ru",""
"obb_copy_progress","%1$s / %2$s · %3$d%%","ru",""
"obb_notif_running_text","%d%%","ru",""
"apk_info_version_detail","%1$s (%2$d)","ru",""
"uninstall_current_sort_summary","%1$s %2$s","ru",""
"setting_shizuku_installer_preset_play","Google Play Store","ru",""
"setting_shizuku_installer_preset_aurora","Aurora Store","ru",""
"setting_shizuku_installer_preset_fdroid","F-Droid","ru",""
"setting_shizuku_installer_preset_amazon","Amazon Appstore","ru",""
"setting_shizuku_installer_preset_samsung","Samsung Galaxy Store","ru",""
"setting_shizuku_installer_preset_huawei","Huawei AppGallery","ru",""
"setting_shizuku_installer_preset_xiaomi","Xiaomi GetApps","ru",""
"setting_about_app_name","Universal Installer","ru",""
"setting_github_title","GitHub","ru",""
"setting_telegram_title","Telegram","ru",""
"setting_website_subtitle","universal-installer.pwhs.app","ru",""
"setting_rate_title","Rate App","ru",""
"about_creator_subtitle","Pass With High Score","ru",""
"about_license_subtitle","GNU GPL v3","ru",""
"about_btn_ok","OK","ru",""
"installer_mode_shizuku","Shizuku","ru",""
"installer_mode_root","Root","ru",""
"tv_sync_screen_title","Send to TV","ru",""
"tv_sync_hero_title","Send an app to your TV","ru",""
"tv_sync_instructions","On the TV, open Universal Installer → Install, then scan the QR shown there.","ru",""
"tv_sync_btn_scan","Scan TV QR","ru",""
"tv_sync_prompt_scan","Scan the QR on your TV","ru",""
"tv_sync_status_connected","Connected to %1$s","ru",""
"tv_sync_btn_choose_apk","Choose APK to send","ru",""
"tv_sync_btn_rescan","Scan a different TV","ru",""
"tv_sync_status_sending","Sending…","ru",""
"tv_sync_status_sent","Sent ✓ — confirm the install on your TV","ru",""
"tv_sync_status_failed","Failed: %1$s","ru",""
"sync_storage_permission_title","Storage Permission Required","ru",""
"sync_storage_permission_message","Sync Server needs full storage access to share and manage APK files. Please grant \""All files access\"" in Settings.","ru",""
"sync_open_settings","Open Settings","ru",""
"sync_qr_code_title","Scan QR Code","ru",""
"sync_qr_code_message","Open your camera and scan this code to access the server.","ru",""
"sync_close","Close","ru",""
"sync_server_offline","Server Offline","ru",""
"sync_server_starting","Starting…","ru",""
"sync_server_online","Server Online","ru",""
"sync_server_error","Error","ru",""
"sync_hero_subtitle","Share APK files to other devices on the same Wi-Fi network.","ru",""
"sync_server_mode","Server Mode","ru",""
"sync_server_running","Running","ru",""
"sync_server_tap_to_start","Tap to start","ru",""
"sync_server_settings","Server Settings","ru",""
"sync_port","Port","ru",""
"sync_require_pin","Require PIN","ru",""
"sync_require_pin_subtitle","Guard transfers with a password","ru",""
"sync_pin_code","PIN Code","ru",""
"sync_active_downloads","Active Downloads","ru",""
"sync_active_downloads_count","%d downloading","ru",""
"sync_no_active_downloads","No active downloads","ru",""
"sync_server_url","Server URL","ru",""
"sync_active_transfer","Active Transfer","ru",""
"sync_active_transfers_count","Active Transfers (%d)","ru",""
"sync_add_files_to_share","Add Files to Share","ru",""
"sync_shared_files_count","Shared Files (%1$d)","ru",""
"sync_empty_state_message","Turn on the server to start sharing files","ru",""
"sync_delete_cd","Delete","ru",""
"sync_percentage","%1$d%%","ru",""
"sync_transfer_progress","%1$s / %2$s","ru",""
"sync_toast_added_skipped","Added %1$d file(s), skipped %2$d unsupported","ru",""
"sync_toast_added","Added %1$d file(s) to Sync Folder","ru",""
"sync_toast_unsupported","No supported package files selected (apk, apk+, apks, xapk, apkm, zip)","ru",""
"sync_toast_failed","Failed to copy files","ru",""
"file_size_gb","%1$.1f GB","ru",""
"file_size_mb","%1$.1f MB","ru",""
"file_size_kb","%1$.0f KB","ru",""
"file_size_b","%1$d B","ru",""
"setting_retry_root","Retry Root Probe","ru",""
"setting_section_interface","Interface","ru",""
"setting_section_security","Security","ru",""
"setting_lock_install_title","Lock Installations","ru",""
"setting_lock_install_subtitle","Require biometric to confirm install","ru",""
"setting_lock_uninstall_title","Lock Uninstalls","ru",""
"setting_lock_uninstall_subtitle","Require biometric to confirm uninstall","ru",""
"setting_biometric_unavailable","No biometric or device lock set up on this device.","ru",""
"setting_section_sync_short","Sync","ru",""
"setting_sync_control_panel","Sync Control Panel","ru",""
"setting_section_advanced","Advanced","ru",""
"setting_vt_api_key_title","VirusTotal API Key","ru",""
"setting_vt_api_key_placeholder","Paste API key here…","ru",""
"setting_diagnostics_title","Diagnostics","ru",""
"setting_installer_package_title","Installer Package","ru",""
"backup_settings_title","Backup Settings","ru",""
"backup_output_path","Output Path","ru",""
"backup_filename_template","Filename Template","ru",""
"backup_tags_hint","Tags: {name}, {pkg}, {version}, {code}","ru",""
"app_name","Universal Installer","tr",""
"download_notif_running_text","%1$s / %2$s · %3$d%%","tr",""
"source_action_browse_packages_sub",".APK · .APK+ · .XAPK · .APKS · .APKM","tr",""
"obb_copy_progress","%1$s / %2$s · %3$d%%","tr",""
"obb_notif_running_text","%d%%","tr",""
"apk_info_version_detail","%1$s (%2$d)","tr",""
"uninstall_current_sort_summary","%1$s %2$s","tr",""
"setting_shizuku_installer_preset_play","Google Play Store","tr",""
"setting_shizuku_installer_preset_aurora","Aurora Store","tr",""
"setting_shizuku_installer_preset_fdroid","F-Droid","tr",""
"setting_shizuku_installer_preset_amazon","Amazon Appstore","tr",""
"setting_shizuku_installer_preset_samsung","Samsung Galaxy Store","tr",""
"setting_shizuku_installer_preset_huawei","Huawei AppGallery","tr",""
"setting_shizuku_installer_preset_xiaomi","Xiaomi GetApps","tr",""
"setting_about_app_name","Universal Installer","tr",""
"setting_github_title","GitHub","tr",""
"setting_telegram_title","Telegram","tr",""
"setting_website_subtitle","universal-installer.pwhs.app","tr",""
"setting_rate_title","Rate App","tr",""
"about_creator_subtitle","Pass With High Score","tr",""
"about_license_subtitle","GNU GPL v3","tr",""
"about_btn_ok","OK","tr",""
"installer_mode_shizuku","Shizuku","tr",""
"installer_mode_root","Root","tr",""
"tv_sync_screen_title","Send to TV","tr",""
"tv_sync_hero_title","Send an app to your TV","tr",""
"tv_sync_instructions","On the TV, open Universal Installer → Install, then scan the QR shown there.","tr",""
"tv_sync_btn_scan","Scan TV QR","tr",""
"tv_sync_prompt_scan","Scan the QR on your TV","tr",""
"tv_sync_status_connected","Connected to %1$s","tr",""
"tv_sync_btn_choose_apk","Choose APK to send","tr",""
"tv_sync_btn_rescan","Scan a different TV","tr",""
"tv_sync_status_sending","Sending…","tr",""
"tv_sync_status_sent","Sent ✓ — confirm the install on your TV","tr",""
"tv_sync_status_failed","Failed: %1$s","tr",""
"sync_storage_permission_title","Storage Permission Required","tr",""
"sync_storage_permission_message","Sync Server needs full storage access to share and manage APK files. Please grant \""All files access\"" in Settings.","tr",""
"sync_open_settings","Open Settings","tr",""
"sync_qr_code_title","Scan QR Code","tr",""
"sync_qr_code_message","Open your camera and scan this code to access the server.","tr",""
"sync_close","Close","tr",""
"sync_server_offline","Server Offline","tr",""
"sync_server_starting","Starting…","tr",""
"sync_server_online","Server Online","tr",""
"sync_server_error","Error","tr",""
"sync_hero_subtitle","Share APK files to other devices on the same Wi-Fi network.","tr",""
"sync_server_mode","Server Mode","tr",""
"sync_server_running","Running","tr",""
"sync_server_tap_to_start","Tap to start","tr",""
"sync_server_settings","Server Settings","tr",""
"sync_port","Port","tr",""
"sync_require_pin","Require PIN","tr",""
"sync_require_pin_subtitle","Guard transfers with a password","tr",""
"sync_pin_code","PIN Code","tr",""
"sync_active_downloads","Active Downloads","tr",""
"sync_active_downloads_count","%d downloading","tr",""
"sync_no_active_downloads","No active downloads","tr",""
"sync_server_url","Server URL","tr",""
"sync_active_transfer","Active Transfer","tr",""
"sync_active_transfers_count","Active Transfers (%d)","tr",""
"sync_add_files_to_share","Add Files to Share","tr",""
"sync_shared_files_count","Shared Files (%1$d)","tr",""
"sync_empty_state_message","Turn on the server to start sharing files","tr",""
"sync_delete_cd","Delete","tr",""
"sync_percentage","%1$d%%","tr",""
"sync_transfer_progress","%1$s / %2$s","tr",""
"sync_toast_added_skipped","Added %1$d file(s), skipped %2$d unsupported","tr",""
"sync_toast_added","Added %1$d file(s) to Sync Folder","tr",""
"sync_toast_unsupported","No supported package files selected (apk, apk+, apks, xapk, apkm, zip)","tr",""
"sync_toast_failed","Failed to copy files","tr",""
"file_size_gb","%1$.1f GB","tr",""
"file_size_mb","%1$.1f MB","tr",""
"file_size_kb","%1$.0f KB","tr",""
"file_size_b","%1$d B","tr",""
"setting_retry_root","Retry Root Probe","tr",""
"setting_section_interface","Interface","tr",""
"setting_section_security","Security","tr",""
"setting_lock_install_title","Lock Installations","tr",""
"setting_lock_install_subtitle","Require biometric to confirm install","tr",""
"setting_lock_uninstall_title","Lock Uninstalls","tr",""
"setting_lock_uninstall_subtitle","Require biometric to confirm uninstall","tr",""
"setting_biometric_unavailable","No biometric or device lock set up on this device.","tr",""
"setting_section_sync_short","Sync","tr",""
"setting_sync_control_panel","Sync Control Panel","tr",""
"setting_section_advanced","Advanced","tr",""
"setting_vt_api_key_title","VirusTotal API Key","tr",""
"setting_vt_api_key_placeholder","Paste API key here…","tr",""
"setting_diagnostics_title","Diagnostics","tr",""
"setting_installer_package_title","Installer Package","tr",""
"backup_settings_title","Backup Settings","tr",""
"backup_output_path","Output Path","tr",""
"backup_filename_template","Filename Template","tr",""
"backup_tags_hint","Tags: {name}, {pkg}, {version}, {code}","tr",""
"app_name","Universal Installer","uk",""
"download_notif_running_text","%1$s / %2$s · %3$d%%","uk",""
"source_action_browse_packages_sub",".APK · .APK+ · .XAPK · .APKS · .APKM","uk",""
"obb_copy_progress","%1$s / %2$s · %3$d%%","uk",""
"obb_notif_running_text","%d%%","uk",""
"apk_info_version_detail","%1$s (%2$d)","uk",""
"uninstall_current_sort_summary","%1$s %2$s","uk",""
"setting_shizuku_installer_preset_play","Google Play Store","uk",""
"setting_shizuku_installer_preset_aurora","Aurora Store","uk",""
"setting_shizuku_installer_preset_fdroid","F-Droid","uk",""
"setting_shizuku_installer_preset_amazon","Amazon Appstore","uk",""
"setting_shizuku_installer_preset_samsung","Samsung Galaxy Store","uk",""
"setting_shizuku_installer_preset_huawei","Huawei AppGallery","uk",""
"setting_shizuku_installer_preset_xiaomi","Xiaomi GetApps","uk",""
"setting_about_app_name","Universal Installer","uk",""
"setting_github_title","GitHub","uk",""
"setting_telegram_title","Telegram","uk",""
"setting_website_subtitle","universal-installer.pwhs.app","uk",""
"setting_rate_title","Rate App","uk",""
"about_creator_subtitle","Pass With High Score","uk",""
"about_license_subtitle","GNU GPL v3","uk",""
"about_btn_ok","OK","uk",""
"installer_mode_shizuku","Shizuku","uk",""
"installer_mode_root","Root","uk",""
"tv_sync_screen_title","Send to TV","uk",""
"tv_sync_hero_title","Send an app to your TV","uk",""
"tv_sync_instructions","On the TV, open Universal Installer → Install, then scan the QR shown there.","uk",""
"tv_sync_btn_scan","Scan TV QR","uk",""
"tv_sync_prompt_scan","Scan the QR on your TV","uk",""
"tv_sync_status_connected","Connected to %1$s","uk",""
"tv_sync_btn_choose_apk","Choose APK to send","uk",""
"tv_sync_btn_rescan","Scan a different TV","uk",""
"tv_sync_status_sending","Sending…","uk",""
"tv_sync_status_sent","Sent ✓ — confirm the install on your TV","uk",""
"tv_sync_status_failed","Failed: %1$s","uk",""
"sync_storage_permission_title","Storage Permission Required","uk",""
"sync_storage_permission_message","Sync Server needs full storage access to share and manage APK files. Please grant \""All files access\"" in Settings.","uk",""
"sync_open_settings","Open Settings","uk",""
"sync_qr_code_title","Scan QR Code","uk",""
"sync_qr_code_message","Open your camera and scan this code to access the server.","uk",""
"sync_close","Close","uk",""
"sync_server_offline","Server Offline","uk",""
"sync_server_starting","Starting…","uk",""
"sync_server_online","Server Online","uk",""
"sync_server_error","Error","uk",""
"sync_hero_subtitle","Share APK files to other devices on the same Wi-Fi network.","uk",""
"sync_server_mode","Server Mode","uk",""
"sync_server_running","Running","uk",""
"sync_server_tap_to_start","Tap to start","uk",""
"sync_server_settings","Server Settings","uk",""
"sync_port","Port","uk",""
"sync_require_pin","Require PIN","uk",""
"sync_require_pin_subtitle","Guard transfers with a password","uk",""
"sync_pin_code","PIN Code","uk",""
"sync_active_downloads","Active Downloads","uk",""
"sync_active_downloads_count","%d downloading","uk",""
"sync_no_active_downloads","No active downloads","uk",""
"sync_server_url","Server URL","uk",""
"sync_active_transfer","Active Transfer","uk",""
"sync_active_transfers_count","Active Transfers (%d)","uk",""
"sync_add_files_to_share","Add Files to Share","uk",""
"sync_shared_files_count","Shared Files (%1$d)","uk",""
"sync_empty_state_message","Turn on the server to start sharing files","uk",""
"sync_delete_cd","Delete","uk",""
"sync_percentage","%1$d%%","uk",""
"sync_transfer_progress","%1$s / %2$s","uk",""
"sync_toast_added_skipped","Added %1$d file(s), skipped %2$d unsupported","uk",""
"sync_toast_added","Added %1$d file(s) to Sync Folder","uk",""
"sync_toast_unsupported","No supported package files selected (apk, apk+, apks, xapk, apkm, zip)","uk",""
"sync_toast_failed","Failed to copy files","uk",""
"file_size_gb","%1$.1f GB","uk",""
"file_size_mb","%1$.1f MB","uk",""
"file_size_kb","%1$.0f KB","uk",""
"file_size_b","%1$d B","uk",""
"setting_retry_root","Retry Root Probe","uk",""
"setting_section_interface","Interface","uk",""
"setting_section_security","Security","uk",""
"setting_lock_install_title","Lock Installations","uk",""
"setting_lock_install_subtitle","Require biometric to confirm install","uk",""
"setting_lock_uninstall_title","Lock Uninstalls","uk",""
"setting_lock_uninstall_subtitle","Require biometric to confirm uninstall","uk",""
"setting_biometric_unavailable","No biometric or device lock set up on this device.","uk",""
"setting_section_sync_short","Sync","uk",""
"setting_sync_control_panel","Sync Control Panel","uk",""
"setting_section_advanced","Advanced","uk",""
"setting_vt_api_key_title","VirusTotal API Key","uk",""
"setting_vt_api_key_placeholder","Paste API key here…","uk",""
"setting_diagnostics_title","Diagnostics","uk",""
"setting_installer_package_title","Installer Package","uk",""
"backup_settings_title","Backup Settings","uk",""
"backup_output_path","Output Path","uk",""
"backup_filename_template","Filename Template","uk",""
"backup_tags_hint","Tags: {name}, {pkg}, {version}, {code}","uk",""
"app_name","Universal Installer","vi",""
"download_notif_running_text","%1$s / %2$s · %3$d%%","vi",""
"source_action_browse_packages_sub",".APK · .APK+ · .XAPK · .APKS · .APKM","vi",""
"obb_copy_progress","%1$s / %2$s · %3$d%%","vi",""
"obb_notif_running_text","%d%%","vi",""
"apk_info_version_detail","%1$s (%2$d)","vi",""
"uninstall_current_sort_summary","%1$s %2$s","vi",""
"setting_shizuku_installer_preset_play","Google Play Store","vi",""
"setting_shizuku_installer_preset_aurora","Aurora Store","vi",""
"setting_shizuku_installer_preset_fdroid","F-Droid","vi",""
"setting_shizuku_installer_preset_amazon","Amazon Appstore","vi",""
"setting_shizuku_installer_preset_samsung","Samsung Galaxy Store","vi",""
"setting_shizuku_installer_preset_huawei","Huawei AppGallery","vi",""
"setting_shizuku_installer_preset_xiaomi","Xiaomi GetApps","vi",""
"setting_about_app_name","Universal Installer","vi",""
"setting_github_title","GitHub","vi",""
"setting_telegram_title","Telegram","vi",""
"setting_website_subtitle","universal-installer.pwhs.app","vi",""
"setting_rate_title","Rate App","vi",""
"about_creator_subtitle","Pass With High Score","vi",""
"about_license_subtitle","GNU GPL v3","vi",""
"about_btn_ok","OK","vi",""
"installer_mode_shizuku","Shizuku","vi",""
"installer_mode_root","Root","vi",""
"tv_sync_screen_title","Send to TV","vi",""
"tv_sync_hero_title","Send an app to your TV","vi",""
"tv_sync_instructions","On the TV, open Universal Installer → Install, then scan the QR shown there.","vi",""
"tv_sync_btn_scan","Scan TV QR","vi",""
"tv_sync_prompt_scan","Scan the QR on your TV","vi",""
"tv_sync_status_connected","Connected to %1$s","vi",""
"tv_sync_btn_choose_apk","Choose APK to send","vi",""
"tv_sync_btn_rescan","Scan a different TV","vi",""
"tv_sync_status_sending","Sending…","vi",""
"tv_sync_status_sent","Sent ✓ — confirm the install on your TV","vi",""
"tv_sync_status_failed","Failed: %1$s","vi",""
"sync_storage_permission_title","Storage Permission Required","vi",""
"sync_storage_permission_message","Sync Server needs full storage access to share and manage APK files. Please grant \""All files access\"" in Settings.","vi",""
"sync_open_settings","Open Settings","vi",""
"sync_qr_code_title","Scan QR Code","vi",""
"sync_qr_code_message","Open your camera and scan this code to access the server.","vi",""
"sync_close","Close","vi",""
"sync_server_offline","Server Offline","vi",""
"sync_server_starting","Starting…","vi",""
"sync_server_online","Server Online","vi",""
"sync_server_error","Error","vi",""
"sync_hero_subtitle","Share APK files to other devices on the same Wi-Fi network.","vi",""
"sync_server_mode","Server Mode","vi",""
"sync_server_running","Running","vi",""
"sync_server_tap_to_start","Tap to start","vi",""
"sync_server_settings","Server Settings","vi",""
"sync_port","Port","vi",""
"sync_require_pin","Require PIN","vi",""
"sync_require_pin_subtitle","Guard transfers with a password","vi",""
"sync_pin_code","PIN Code","vi",""
"sync_active_downloads","Active Downloads","vi",""
"sync_active_downloads_count","%d downloading","vi",""
"sync_no_active_downloads","No active downloads","vi",""
"sync_server_url","Server URL","vi",""
"sync_active_transfer","Active Transfer","vi",""
"sync_active_transfers_count","Active Transfers (%d)","vi",""
"sync_add_files_to_share","Add Files to Share","vi",""
"sync_shared_files_count","Shared Files (%1$d)","vi",""
"sync_empty_state_message","Turn on the server to start sharing files","vi",""
"sync_delete_cd","Delete","vi",""
"sync_percentage","%1$d%%","vi",""
"sync_transfer_progress","%1$s / %2$s","vi",""
"sync_toast_added_skipped","Added %1$d file(s), skipped %2$d unsupported","vi",""
"sync_toast_added","Added %1$d file(s) to Sync Folder","vi",""
"sync_toast_unsupported","No supported package files selected (apk, apk+, apks, xapk, apkm, zip)","vi",""
"sync_toast_failed","Failed to copy files","vi",""
"file_size_gb","%1$.1f GB","vi",""
"file_size_mb","%1$.1f MB","vi",""
"file_size_kb","%1$.0f KB","vi",""
"file_size_b","%1$d B","vi",""
"setting_retry_root","Retry Root Probe","vi",""
"setting_section_interface","Interface","vi",""
"setting_section_security","Security","vi",""
"setting_lock_install_title","Lock Installations","vi",""
"setting_lock_install_subtitle","Require biometric to confirm install","vi",""
"setting_lock_uninstall_title","Lock Uninstalls","vi",""
"setting_lock_uninstall_subtitle","Require biometric to confirm uninstall","vi",""
"setting_biometric_unavailable","No biometric or device lock set up on this device.","vi",""
"setting_section_sync_short","Sync","vi",""
"setting_sync_control_panel","Sync Control Panel","vi",""
"setting_section_advanced","Advanced","vi",""
"setting_vt_api_key_title","VirusTotal API Key","vi",""
"setting_vt_api_key_placeholder","Paste API key here…","vi",""
"setting_diagnostics_title","Diagnostics","vi",""
"setting_installer_package_title","Installer Package","vi",""
"backup_settings_title","Backup Settings","vi",""
"backup_output_path","Output Path","vi",""
"backup_filename_template","Filename Template","vi",""
"backup_tags_hint","Tags: {name}, {pkg}, {version}, {code}","vi",""
"app_name","Universal Installer","zh",""
"download_notif_running_text","%1$s / %2$s · %3$d%%","zh",""
"source_action_browse_packages_sub",".APK · .APK+ · .XAPK · .APKS · .APKM","zh",""
"obb_copy_progress","%1$s / %2$s · %3$d%%","zh",""
"obb_notif_running_text","%d%%","zh",""
"apk_info_version_detail","%1$s (%2$d)","zh",""
"uninstall_current_sort_summary","%1$s %2$s","zh",""
"setting_shizuku_installer_preset_play","Google Play Store","zh",""
"setting_shizuku_installer_preset_aurora","Aurora Store","zh",""
"setting_shizuku_installer_preset_fdroid","F-Droid","zh",""
"setting_shizuku_installer_preset_amazon","Amazon Appstore","zh",""
"setting_shizuku_installer_preset_samsung","Samsung Galaxy Store","zh",""
"setting_shizuku_installer_preset_huawei","Huawei AppGallery","zh",""
"setting_shizuku_installer_preset_xiaomi","Xiaomi GetApps","zh",""
"setting_about_app_name","Universal Installer","zh",""
"setting_github_title","GitHub","zh",""
"setting_telegram_title","Telegram","zh",""
"setting_website_subtitle","universal-installer.pwhs.app","zh",""
"setting_rate_title","Rate App","zh",""
"about_creator_subtitle","Pass With High Score","zh",""
"about_license_subtitle","GNU GPL v3","zh",""
"about_btn_ok","OK","zh",""
"installer_mode_shizuku","Shizuku","zh",""
"installer_mode_root","Root","zh",""
"tv_sync_screen_title","Send to TV","zh",""
"tv_sync_hero_title","Send an app to your TV","zh",""
"tv_sync_instructions","On the TV, open Universal Installer → Install, then scan the QR shown there.","zh",""
"tv_sync_btn_scan","Scan TV QR","zh",""
"tv_sync_prompt_scan","Scan the QR on your TV","zh",""
"tv_sync_status_connected","Connected to %1$s","zh",""
"tv_sync_btn_choose_apk","Choose APK to send","zh",""
"tv_sync_btn_rescan","Scan a different TV","zh",""
"tv_sync_status_sending","Sending…","zh",""
"tv_sync_status_sent","Sent ✓ — confirm the install on your TV","zh",""
"tv_sync_status_failed","Failed: %1$s","zh",""
"sync_storage_permission_title","Storage Permission Required","zh",""
"sync_storage_permission_message","Sync Server needs full storage access to share and manage APK files. Please grant \""All files access\"" in Settings.","zh",""
"sync_open_settings","Open Settings","zh",""
"sync_qr_code_title","Scan QR Code","zh",""
"sync_qr_code_message","Open your camera and scan this code to access the server.","zh",""
"sync_close","Close","zh",""
"sync_server_offline","Server Offline","zh",""
"sync_server_starting","Starting…","zh",""
"sync_server_online","Server Online","zh",""
"sync_server_error","Error","zh",""
"sync_hero_subtitle","Share APK files to other devices on the same Wi-Fi network.","zh",""
"sync_server_mode","Server Mode","zh",""
"sync_server_running","Running","zh",""
"sync_server_tap_to_start","Tap to start","zh",""
"sync_server_settings","Server Settings","zh",""
"sync_port","Port","zh",""
"sync_require_pin","Require PIN","zh",""
"sync_require_pin_subtitle","Guard transfers with a password","zh",""
"sync_pin_code","PIN Code","zh",""
"sync_active_downloads","Active Downloads","zh",""
"sync_active_downloads_count","%d downloading","zh",""
"sync_no_active_downloads","No active downloads","zh",""
"sync_server_url","Server URL","zh",""
"sync_active_transfer","Active Transfer","zh",""
"sync_active_transfers_count","Active Transfers (%d)","zh",""
"sync_add_files_to_share","Add Files to Share","zh",""
"sync_shared_files_count","Shared Files (%1$d)","zh",""
"sync_empty_state_message","Turn on the server to start sharing files","zh",""
"sync_delete_cd","Delete","zh",""
"sync_percentage","%1$d%%","zh",""
"sync_transfer_progress","%1$s / %2$s","zh",""
"sync_toast_added_skipped","Added %1$d file(s), skipped %2$d unsupported","zh",""
"sync_toast_added","Added %1$d file(s) to Sync Folder","zh",""
"sync_toast_unsupported","No supported package files selected (apk, apk+, apks, xapk, apkm, zip)","zh",""
"sync_toast_failed","Failed to copy files","zh",""
"file_size_gb","%1$.1f GB","zh",""
"file_size_mb","%1$.1f MB","zh",""
"file_size_kb","%1$.0f KB","zh",""
"file_size_b","%1$d B","zh",""
"setting_retry_root","Retry Root Probe","zh",""
"setting_section_interface","Interface","zh",""
"setting_section_security","Security","zh",""
"setting_lock_install_title","Lock Installations","zh",""
"setting_lock_install_subtitle","Require biometric to confirm install","zh",""
"setting_lock_uninstall_title","Lock Uninstalls","zh",""
"setting_lock_uninstall_subtitle","Require biometric to confirm uninstall","zh",""
"setting_biometric_unavailable","No biometric or device lock set up on this device.","zh",""
"setting_section_sync_short","Sync","zh",""
"setting_sync_control_panel","Sync Control Panel","zh",""
"setting_section_advanced","Advanced","zh",""
"setting_vt_api_key_title","VirusTotal API Key","zh",""
"setting_vt_api_key_placeholder","Paste API key here…","zh",""
"setting_diagnostics_title","Diagnostics","zh",""
"setting_installer_package_title","Installer Package","zh",""
"backup_settings_title","Backup Settings","zh",""
"backup_output_path","Output Path","zh",""
"backup_filename_template","Filename Template","zh",""
"backup_tags_hint","Tags: {name}, {pkg}, {version}, {code}","zh",""